{
    "time": "15:23:09",
    "balance": {
        "ETH": 0.000002366788536,
        "HEX": 100,
        "GSENetwork": 92,
        "IDK": 100,
        "Livepeer": 2.0644599685228,
        "Loopring": 5,
        "Odyssey": 5,
        "Sai": 1.1
    }
}